name,first_name,name_team,last_name,position,pp_line,game_date,team,opp,spread,over_under,implied_team_score,salary,l5_ppg_floor,l5_ppg_max,ppg_projection,value_projection,salary_factor,range_factor,total_score
Kaapo Kahkonen,Kaapo,Kahkonen_SJS,Kahkonen,G,0,2022-11-29,SJS,MTL,1.5,6,3,7400,-11.2,31.4,12.7,1.72,7.4,21.299999999999997,43.11999999999999
Sergei Bobrovsky,Sergei,Bobrovsky_FLA,Bobrovsky,G,0,2022-11-29,FLA,CGY,1.5,6.5,3,7100,-9.1,30.7,13.3,1.87,7.1000000000000005,19.9,42.169999999999995
Thatcher Demko,Thatcher,Demko_VAN,Demko,G,0,2022-11-29,VAN,WSH,-1.5,6.5,3.3,8000,-0.7,31.4,14,1.75,8,16.05,39.8
Jake Allen,Jake,Allen_MTL,Allen,G,0,2022-11-29,MTL,SJS,-1.5,6,3,7800,-2.8,30.7,13.5,1.73,7.8,16.75,39.779999999999994
John Gibson,John,Gibson_ANA,Gibson,G,0,2022-11-29,ANA,NSH,1.5,6.5,2.6,7000,-7.7,30.7,11.8,1.69,7,19.2,39.69
Andrei Vasilevskiy,Andrei,Vasilevskiy_TBL,Vasilevskiy,G,0,2022-11-29,TBL,BOS,1.5,6.5,2.9,7100,-0.7,32.8,13.8,1.94,7.1000000000000005,16.75,39.59
Dan Vladar,Dan,Vladar_CGY,Vladar,G,0,2022-11-29,CGY,FLA,-1.5,6.5,3.6,8200,-2.8,28.1,14.2,1.73,8.2,15.450000000000001,39.57999999999999
Jonathan Quick,Jonathan,Quick_LAK,Quick,G,0,2022-11-29,LAK,SEA,-1.5,6,3.1,7800,-4.2,24.2,14.5,1.86,7.8,14.2,38.36
Alexandar Georgiev,Alexandar,Georgiev_COL,Georgiev,G,0,2022-11-29,COL,WPG,-1.5,6,3.2,8100,14.4,34.2,15.8,1.95,8.1,9.900000000000002,35.75
Semyon Varlamov,Semyon,Varlamov_NYI,Varlamov,G,0,2022-11-29,NYI,PHI,-1.5,6,3.4,8100,7,27.2,15.6,1.93,8.1,10.1,35.73
Felix Sandstrom,Felix,Sandstrom_PHI,Sandstrom,G,0,2022-11-29,PHI,NYI,1.5,6,2.6,7000,-4.9,21.4,12.4,1.77,7,13.149999999999999,34.32
Juuse Saros,Juuse,Saros_NSH,Saros,G,0,2022-11-29,NSH,ANA,-1.5,6.5,3.9,8500,12.3,26.3,16.1,1.89,8.5,7,33.49
Spencer Knight,Spencer,Knight_FLA,Knight,G,0,2022-11-29,FLA,CGY,1.5,6.5,3,7300,6.9,27.9,13.6,1.86,7.3,10.5,33.26
Connor Hellebuyck,Connor,Hellebuyck_WPG,Hellebuyck,G,0,2022-11-29,WPG,COL,1.5,6,2.8,7400,2.1,20.9,14,1.89,7.4,9.399999999999999,32.69
Linus Ullmark,Linus,Ullmark_BOS,Ullmark,G,0,2022-11-29,BOS,TBL,-1.5,6.5,3.6,8400,12.6,24.2,16.1,1.92,8.4,5.8,32.22
Jeremy Swayman,Jeremy,Swayman_BOS,Swayman,G,0,2022-11-29,BOS,TBL,-1.5,6.5,3.6,8400,0,14.4,14,1.67,8.4,7.2,31.270000000000003
Antti Raanta,Antti,Raanta_CAR,Raanta,G,0,2022-11-29,CAR,PIT,1.5,6,2.9,7500,-0.1,16.8,13.3,1.77,7.5,8.450000000000001,31.02
Casey DeSmith,Casey,DeSmith_PIT,DeSmith,G,0,2022-11-29,PIT,CAR,-1.5,6,3.1,7700,5.6,19.3,14.5,1.88,7.7,6.8500000000000005,30.93
Martin Jones,Martin,Jones_SEA,Jones,G,0,2022-11-29,SEA,LAK,1.5,6,2.9,7600,3.2,18.6,13.6,1.79,7.6000000000000005,7.700000000000001,30.689999999999998
Charlie Lindgren,Charlie,Lindgren_WSH,Lindgren,G,0,2022-11-29,WSH,VAN,1.5,6.5,3.2,7500,-0.7,13.3,12.8,1.71,7.5,7,29.01
Nathan MacKinnon,Nathan,MacKinnon_COL,MacKinnon,C,1,2022-11-29,COL,WPG,-1.5,6,3.2,9600,5.8,22,17.4,1.81,9.6,8.1,36.91
Sidney Crosby,Sidney,Crosby_PIT,Crosby,C,1,2022-11-29,PIT,CAR,-1.5,6,3.1,7400,1.5,29.5,12.7,1.72,7.4,14,35.81999999999999
Brayden Point,Brayden,Point_TBL,Point,C,1,2022-11-29,TBL,BOS,1.5,6.5,2.9,5800,3,29.3,10.5,1.81,5.8,13.15,31.259999999999998
Pierre-Luc Dubois,Pierre-Luc,Dubois_WPG,Dubois,C,1,2022-11-29,WPG,COL,1.5,6,2.8,5700,3,32,9.1,1.6,5.7,14.5,30.9
Elias Pettersson,Elias,Pettersson_VAN,Pettersson,C,1,2022-11-29,VAN,WSH,-1.5,6.5,3.3,7400,15.8,20.8,17,2.3,7.4,2.5,29.2
Logan Couture,Logan,Couture_SJS,Couture,C,1,2022-11-29,SJS,MTL,1.5,6,3,5300,7.3,24,12.4,2.34,5.3,8.35,28.389999999999997
David Krejci,David,Krejci_BOS,Krejci,C,2,2022-11-29,BOS,TBL,-1.5,6.5,3.6,4500,7.8,28.8,10.7,2.38,4.5,10.5,28.08
Trevor Zegras,Trevor,Zegras_ANA,Zegras,C,1,2022-11-29,ANA,NSH,1.5,6.5,2.6,6300,0,22.5,8.6,1.37,6.3,11.25,27.52
Patrice Bergeron,Patrice,Bergeron_BOS,Bergeron,C,1,2022-11-29,BOS,TBL,-1.5,6.5,3.6,7000,1.5,18,10.4,1.49,7,8.25,27.139999999999997
Anze Kopitar,Anze,Kopitar_LAK,Kopitar,C,1,2022-11-29,LAK,SEA,-1.5,6,3.1,6100,1.3,19.9,9.7,1.59,6.1000000000000005,9.299999999999999,26.689999999999998
Mathew Barzal,Mathew,Barzal_NYI,Barzal,C,1,2022-11-29,NYI,PHI,-1.5,6,3.4,5100,0,22.8,8.4,1.65,5.1000000000000005,11.4,26.549999999999997
Bo Horvat,Bo,Horvat_VAN,Horvat,C,1,2022-11-29,VAN,WSH,-1.5,6.5,3.3,8000,1.5,14.3,10.6,1.33,8,6.4,26.33
Sebastian Aho,Sebastian,Aho_CAR,Aho,C,1,2022-11-29,CAR,PIT,1.5,6,2.9,6500,4.5,21,9.9,1.52,6.5,8.25,26.169999999999998
Phillip Danault,Phillip,Danault_LAK,Danault,C,2,2022-11-29,LAK,SEA,-1.5,6,3.1,5200,4.3,19.8,10.9,2.1,5.2,7.75,25.950000000000003
Jean-Gabriel Pageau,Jean-Gabriel,Pageau_NYI,Pageau,C,1,2022-11-29,NYI,PHI,-1.5,6,3.4,3400,2.8,29.5,7,2.06,3.4,13.35,25.81
Evgeni Malkin,Evgeni,Malkin_PIT,Malkin,C,1,2022-11-29,PIT,CAR,-1.5,6,3.1,5900,1.5,19.9,9.1,1.54,5.9,9.2,25.74
Matty Beniers,Matty,Beniers_SEA,Beniers,C,2,2022-11-29,SEA,LAK,1.5,6,2.9,4100,3,24.5,8.7,2.12,4.1,10.75,25.669999999999998
Juuso Parssinen,Juuso,Parssinen_NSH,Parssinen,C,2,2022-11-29,NSH,ANA,-1.5,6.5,3.9,4200,1.5,29.5,5.8,1.38,4.2,14,25.38
Nick Suzuki,Nick,Suzuki_MTL,Suzuki,C,1,2022-11-29,MTL,SJS,-1.5,6,3,6700,2.8,16.5,10.2,1.52,6.7,6.85,25.27
Nicholas Paul,Nicholas,Paul_TBL,Paul,C,2,2022-11-29,TBL,BOS,1.5,6.5,2.9,4400,1.3,22.8,7.4,1.68,4.4,10.75,24.23
Brock Nelson,Brock,Nelson_NYI,Nelson,C,1,2022-11-29,NYI,PHI,-1.5,6,3.4,5600,6.5,19.9,10,1.79,5.6000000000000005,6.699999999999999,24.09
Tomas Hertl,Tomas,Hertl_SJS,Hertl,C,1,2022-11-29,SJS,MTL,1.5,6,3,6000,0,12.8,9.8,1.63,6,6.4,23.830000000000002
Anton Lundell,Anton,Lundell_FLA,Lundell,C,1,2022-11-29,FLA,CGY,1.5,6.5,3,4300,1.5,17.1,8.7,2.02,4.3,7.800000000000001,22.82
Adam Lowry,Adam,Lowry_WPG,Lowry,C,2,2022-11-29,WPG,COL,1.5,6,2.8,3100,1.5,27.1,5.2,1.68,3.1,12.8,22.78
Mark Scheifele,Mark,Scheifele_WPG,Scheifele,C,1,2022-11-29,WPG,COL,1.5,6,2.8,6800,1.3,14.5,7.7,1.13,6.8,6.6,22.229999999999997
Elias Lindholm,Elias,Lindholm_CGY,Lindholm,C,1,2022-11-29,CGY,FLA,-1.5,6.5,3.6,5500,1.5,17.3,7.4,1.35,5.5,7.9,22.150000000000002
Evgeny Kuznetsov,Evgeny,Kuznetsov_WSH,Kuznetsov,C,2,2022-11-29,WSH,VAN,1.5,6.5,3.2,4900,1.5,17,7.6,1.55,4.9,7.75,21.8
Sam Bennett,Sam,Bennett_FLA,Bennett,C,2,2022-11-29,FLA,CGY,1.5,6.5,3,5400,1.3,15.6,7.3,1.35,5.4,7.1499999999999995,21.200000000000003
Dylan Strome,Dylan,Strome_WSH,Strome,C,1,2022-11-29,WSH,VAN,1.5,6.5,3.2,4000,1.5,16.8,7.2,1.8,4,7.65,20.650000000000002
Mikael Backlund,Mikael,Backlund_CGY,Backlund,C,2,2022-11-29,CGY,FLA,-1.5,6.5,3.6,4700,1.3,17,6.4,1.36,4.7,7.85,20.310000000000002
Sean Monahan,Sean,Monahan_MTL,Monahan,C,1,2022-11-29,MTL,SJS,-1.5,6,3,3800,9.5,17.1,9.9,2.61,3.8000000000000003,3.8000000000000007,20.11
Nazem Kadri,Nazem,Kadri_CGY,Kadri,C,1,2022-11-29,CGY,FLA,-1.5,6.5,3.6,6200,0,10.5,7.1,1.15,6.2,5.25,19.699999999999996
Nick Bonino,Nick,Bonino_SJS,Bonino,C,2,2022-11-29,SJS,MTL,1.5,6,3,2600,1.3,21.4,4.4,1.69,2.6,10.049999999999999,18.74
Lukas Sedlak,Lukas,Sedlak_PHI,Sedlak,C,0,2022-11-29,PHI,NYI,1.5,6,2.6,3500,0,17.8,4.8,1.37,3.5,8.9,18.57
Teddy Blueger,Teddy,Blueger_PIT,Blueger,C,0,2022-11-29,PIT,CAR,-1.5,6,3.1,2500,0,22.3,3.5,1.4,2.5,11.15,18.549999999999997
Christian Dvorak,Christian,Dvorak_MTL,Dvorak,C,0,2022-11-29,MTL,SJS,-1.5,6,3,3900,2.6,14.1,6.5,1.67,3.9,5.75,17.82
Jeff Carter,Jeff,Carter_PIT,Carter,C,2,2022-11-29,PIT,CAR,-1.5,6,3.1,3500,0,14.3,5.5,1.57,3.5,7.15,17.72
Mason McTavish,Mason,McTavish_ANA,McTavish,C,1,2022-11-29,ANA,NSH,1.5,6.5,2.6,3700,4.3,13,7.5,2.03,3.7,4.35,17.580000000000002
Sheldon Dries,Sheldon,Dries_VAN,Dries,C,2,2022-11-29,VAN,WSH,-1.5,6.5,3.3,2700,1.5,18,4.5,1.67,2.7,8.25,17.119999999999997
Eetu Luostarinen,Eetu,Luostarinen_FLA,Luostarinen,C,0,2022-11-29,FLA,CGY,1.5,6.5,3,3600,2.8,11.5,7,1.94,3.6,4.35,16.89
J.T. Compher,J.T.,Compher_COL,Compher,C,1,2022-11-29,COL,WPG,-1.5,6,3.2,3000,2.8,14.1,6,2,3,5.65,16.65
Alex Wennberg,Alex,Wennberg_SEA,Wennberg,C,2,2022-11-29,SEA,LAK,1.5,6,2.9,3600,1.3,12.6,5.1,1.42,3.6,5.6499999999999995,15.77
Ryan Johansen,Ryan,Johansen_NSH,Johansen,C,1,2022-11-29,NSH,ANA,-1.5,6.5,3.9,2900,2.6,14.3,4.9,1.69,2.9,5.8500000000000005,15.34
Trevor Lewis,Trevor,Lewis_CGY,Lewis,C,0,2022-11-29,CGY,FLA,-1.5,6.5,3.6,2500,0,14.5,3.9,1.56,2.5,7.25,15.21
Jesperi Kotkaniemi,Jesperi,Kotkaniemi_CAR,Kotkaniemi,C,2,2022-11-29,CAR,PIT,1.5,6,2.9,2800,1.3,14.3,4.1,1.46,2.8000000000000003,6.5,14.86
Yanni Gourde,Yanni,Gourde_SEA,Gourde,C,0,2022-11-29,SEA,LAK,1.5,6,2.9,3300,0,9.3,4.9,1.48,3.3000000000000003,4.65,14.330000000000002
Blake Lizotte,Blake,Lizotte_LAK,Lizotte,C,0,2022-11-29,LAK,SEA,-1.5,6,3.1,2700,0,11.5,4,1.48,2.7,5.75,13.93
Tanner Laczynski,Tanner,Laczynski_PHI,Laczynski,C,2,2022-11-29,PHI,NYI,1.5,6,2.6,2500,0,12.8,3.4,1.36,2.5,6.4,13.66
Morgan Frost,Morgan,Frost_PHI,Frost,C,1,2022-11-29,PHI,NYI,1.5,6,2.6,3000,1.3,13,3.6,1.2,3,5.85,13.649999999999999
Charlie Coyle,Charlie,Coyle_BOS,Coyle,C,0,2022-11-29,BOS,TBL,-1.5,6.5,3.6,3200,1.3,11.5,4,1.25,3.2,5.1,13.55
Alex Newhook,Alex,Newhook_COL,Newhook,C,2,2022-11-29,COL,WPG,-1.5,6,3.2,2700,9.3,11.5,7,2.59,2.7,1.0999999999999996,13.39
Rasmus Kupari,Rasmus,Kupari_LAK,Kupari,C,0,2022-11-29,LAK,SEA,-1.5,6,3.1,2500,0,10,4.1,1.64,2.5,5,13.24
Colton Sissons,Colton,Sissons_NSH,Sissons,C,2,2022-11-29,NSH,ANA,-1.5,6.5,3.9,2600,1.3,10,4.4,1.69,2.6,4.35,13.04
Tomas Nosek,Tomas,Nosek_BOS,Nosek,C,0,2022-11-29,BOS,TBL,-1.5,6.5,3.6,2500,0,10,3.8,1.52,2.5,5,12.82
Nic Dowd,Nic,Dowd_WSH,Dowd,C,0,2022-11-29,WSH,VAN,1.5,6.5,3.2,2500,0,11.5,3,1.2,2.5,5.75,12.45
Paul Stastny,Paul,Stastny_CAR,Stastny,C,2,2022-11-29,CAR,PIT,1.5,6,2.9,2500,0,11,2.9,1.16,2.5,5.5,12.06
Noah Cates,Noah,Cates_PHI,Cates,C,1,2022-11-29,PHI,NYI,1.5,6,2.6,2900,0,8,3.8,1.31,2.9,4,12.01
Ryan Strome,Ryan,Strome_ANA,Strome,C,2,2022-11-29,ANA,NSH,1.5,6.5,2.6,4000,0,6.5,3.7,0.93,4,3.25,11.879999999999999
Dominic Toninato,Dominic,Toninato_WPG,Toninato,C,0,2022-11-29,WPG,COL,1.5,6,2.8,2500,0,10.8,2.8,1.12,2.5,5.4,11.82
Nils Aman,Nils,Aman_VAN,Aman,C,0,2022-11-29,VAN,WSH,-1.5,6.5,3.3,2500,0,8,3.4,1.36,2.5,4,11.26
Casey Cizikas,Casey,Cizikas_NYI,Cizikas,C,0,2022-11-29,NYI,PHI,-1.5,6,3.4,2500,1.3,9.5,3.2,1.28,2.5,4.1,11.08
Jake Evans,Jake,Evans_MTL,Evans,C,0,2022-11-29,MTL,SJS,-1.5,6,3,2500,1.3,6.9,3.6,1.44,2.5,2.8000000000000003,10.34
Isac Lundestrom,Isac,Lundestrom_ANA,Lundestrom,C,2,2022-11-29,ANA,NSH,1.5,6.5,2.6,2500,0,6.5,3.2,1.28,2.5,3.25,10.229999999999999
Morgan Geekie,Morgan,Geekie_SEA,Geekie,C,0,2022-11-29,SEA,LAK,1.5,6,2.9,2600,0,6.3,3.1,1.19,2.6,3.15,10.04
Cody Glass,Cody,Glass_NSH,Glass,C,2,2022-11-29,NSH,ANA,-1.5,6.5,3.9,2500,0,6,2.5,1,2.5,3,9
Jordan Staal,Jordan,Staal_CAR,Staal,C,0,2022-11-29,CAR,PIT,1.5,6,2.9,2800,1.5,4.3,3.3,1.18,2.8000000000000003,1.4,8.68
Eric Staal,Eric,Staal_FLA,Staal,C,0,2022-11-29,FLA,CGY,1.5,6.5,3,2500,0,4.5,2.7,1.08,2.5,2.25,8.530000000000001
Lars Eller,Lars,Eller_WSH,Eller,C,0,2022-11-29,WSH,VAN,1.5,6.5,3.2,2600,1.5,4.3,3.1,1.19,2.6,1.4,8.29
Vladislav Namestnikov,Vladislav,Namestnikov_TBL,Namestnikov,C,0,2022-11-29,TBL,BOS,1.5,6.5,2.9,2500,2.6,4.5,3.4,1.36,2.5,0.95,8.209999999999999
Steven Lorentz,Steven,Lorentz_SJS,Lorentz,C,0,2022-11-29,SJS,MTL,1.5,6,3,2500,0,1.5,1.8,0.72,2.5,0.75,5.77
Jayson Megna,Jayson,Megna_COL,Megna,C,0,2022-11-29,COL,WPG,-1.5,6,3.2,2500,0,1.3,1.7,0.68,2.5,0.65,5.529999999999999
Alex Ovechkin,Alex,Ovechkin_WSH,Ovechkin,W,1,2022-11-29,WSH,VAN,1.5,6.5,3.2,7700,4.3,38,17.5,2.27,7.7,16.85,44.32
Nikita Kucherov,Nikita,Kucherov_TBL,Kucherov,W,1,2022-11-29,TBL,BOS,1.5,6.5,2.9,8500,4.5,33.5,18,2.12,8.5,14.5,43.12
Timo Meier,Timo,Meier_SJS,Meier,W,1,2022-11-29,SJS,MTL,1.5,6,3,8300,8.6,43.5,15,1.81,8.3,17.45,42.56
David Pastrnak,David,Pastrnak_BOS,Pastrnak,W,1,2022-11-29,BOS,TBL,-1.5,6.5,3.6,9100,8,30.5,17.8,1.96,9.1,11.25,40.11000000000001
Matthew Tkachuk,Matthew,Tkachuk_FLA,Tkachuk,W,1,2022-11-29,FLA,CGY,1.5,6.5,3,8800,3,28.1,15.8,1.8,8.8,12.55,38.95
Cole Caufield,Cole,Caufield_MTL,Caufield,W,1,2022-11-29,MTL,SJS,-1.5,6,3,7100,1.5,37,11.7,1.65,7.1000000000000005,17.75,38.199999999999996
Steven Stamkos,Steven,Stamkos_TBL,Stamkos,W,1,2022-11-29,TBL,BOS,1.5,6.5,2.9,7500,6.5,29.3,14.5,1.93,7.5,11.4,35.33
Kyle Connor,Kyle,Connor_WPG,Connor,W,1,2022-11-29,WPG,COL,1.5,6,2.8,7600,6,25.8,12.7,1.67,7.6000000000000005,9.9,31.869999999999997
Mikko Rantanen,Mikko,Rantanen_COL,Rantanen,W,1,2022-11-29,COL,WPG,-1.5,6,3.2,8400,1.5,23,10.9,1.3,8.4,10.75,31.349999999999998
Brad Marchand,Brad,Marchand_BOS,Marchand,W,1,2022-11-29,BOS,TBL,-1.5,6.5,3.6,7200,4.5,21,13.6,1.89,7.2,8.25,30.939999999999998
Filip Forsberg,Filip,Forsberg_NSH,Forsberg,W,1,2022-11-29,NSH,ANA,-1.5,6.5,3.9,6600,3,25.3,11.4,1.73,6.6000000000000005,11.15,30.88
Andrei Kuzmenko,Andrei,Kuzmenko_VAN,Kuzmenko,W,1,2022-11-29,VAN,WSH,-1.5,6.5,3.3,5500,7.8,29.5,12.1,2.2,5.5,10.85,30.650000000000002
Kevin Fiala,Kevin,Fiala_LAK,Fiala,W,1,2022-11-29,LAK,SEA,-1.5,6,3.1,6200,1.5,27.3,9.5,1.53,6.2,12.9,30.130000000000003
Owen Tippett,Owen,Tippett_PHI,Tippett,W,1,2022-11-29,PHI,NYI,1.5,6,2.6,4000,0,35.9,4.6,1.15,4,17.95,27.699999999999996
Troy Terry,Troy,Terry_ANA,Terry,W,1,2022-11-29,ANA,NSH,1.5,6.5,2.6,7400,3,16.5,11.8,1.59,7.4,6.75,27.540000000000003
Andre Burakovsky,Andre,Burakovsky_SEA,Burakovsky,W,1,2022-11-29,SEA,LAK,1.5,6,2.9,4900,6.5,27.5,10,2.04,4.9,10.5,27.439999999999998
Jake DeBrusk,Jake,DeBrusk_BOS,DeBrusk,W,1,2022-11-29,BOS,TBL,-1.5,6.5,3.6,6400,3,19,11.2,1.75,6.4,8,27.35
Andrei Svechnikov,Andrei,Svechnikov_CAR,Svechnikov,W,1,2022-11-29,CAR,PIT,1.5,6,2.9,6900,1.5,19.5,9.2,1.33,6.9,9,26.43
Kevin Hayes,Kevin,Hayes_PHI,Hayes,W,1,2022-11-29,PHI,NYI,1.5,6,2.6,4700,0,20.5,9,1.91,4.7,10.25,25.86
Sam Reinhart,Sam,Reinhart_FLA,Reinhart,W,1,2022-11-29,FLA,CGY,1.5,6.5,3,5300,3,18,10.8,2.04,5.3,7.5,25.64
Zach Parise,Zach,Parise_NYI,Parise,W,2,2022-11-29,NYI,PHI,-1.5,6,3.4,3500,1.5,29,6.4,1.83,3.5,13.75,25.479999999999997
Carter Verhaeghe,Carter,Verhaeghe_FLA,Verhaeghe,W,2,2022-11-29,FLA,CGY,1.5,6.5,3,6300,1.5,19,8.3,1.32,6.3,8.75,24.67
Artturi Lehkonen,Artturi,Lehkonen_COL,Lehkonen,W,1,2022-11-29,COL,WPG,-1.5,6,3.2,5800,10.8,18,13,2.24,5.8,3.5999999999999996,24.64
Adam Ruzicka,Adam,Ruzicka_CGY,Ruzicka,W,2,2022-11-29,CGY,FLA,-1.5,6.5,3.6,3800,2.8,28,6.5,1.71,3.8000000000000003,12.6,24.61
Brandon Hagel,Brandon,Hagel_TBL,Hagel,W,2,2022-11-29,TBL,BOS,1.5,6.5,2.9,4500,1.5,19.5,8.8,1.96,4.5,9,24.26
J.T. Miller,J.T.,Miller_VAN,Miller,W,1,2022-11-29,VAN,WSH,-1.5,6.5,3.3,6000,6.5,18,10.5,1.75,6,5.75,24
Jaden Schwartz,Jaden,Schwartz_SEA,Schwartz,W,1,2022-11-29,SEA,LAK,1.5,6,2.9,4200,0,23,6.7,1.6,4.2,11.5,24
Matt Duchene,Matt,Duchene_NSH,Duchene,W,1,2022-11-29,NSH,ANA,-1.5,6.5,3.9,4300,1.5,19.5,8.5,1.98,4.3,9,23.78
Brock Boeser,Brock,Boeser_VAN,Boeser,W,0,2022-11-29,VAN,WSH,-1.5,6.5,3.3,4100,4.1,23,8.1,1.98,4.1,9.45,23.63
Jordan Eberle,Jordan,Eberle_SEA,Eberle,W,1,2022-11-29,SEA,LAK,1.5,6,2.9,3600,3,20.5,8.7,2.42,3.6,8.75,23.47
Rickard Rakell,Rickard,Rakell_PIT,Rakell,W,2,2022-11-29,PIT,CAR,-1.5,6,3.1,4600,1.5,20.5,7.3,1.59,4.6000000000000005,9.5,22.990000000000002
Martin Necas,Martin,Necas_CAR,Necas,W,1,2022-11-29,CAR,PIT,1.5,6,2.9,6500,6,14.5,10.4,1.6,6.5,4.25,22.75
Kevin Labanc,Kevin,Labanc_SJS,Labanc,W,2,2022-11-29,SJS,MTL,1.5,6,3,3800,0,19,6.8,1.79,3.8000000000000003,9.5,21.89
Jaret Anderson-Dolan,Jaret,Anderson-Dolan_LAK,Anderson-Dolan,W,0,2022-11-29,LAK,SEA,-1.5,6,3.1,2500,3,28.1,4.5,1.8,2.5,12.55,21.35
T.J. Oshie,T.J.,Oshie_WSH,Oshie,W,1,2022-11-29,WSH,VAN,1.5,6.5,3.2,3800,0,20.6,5.7,1.5,3.8000000000000003,10.3,21.3
Luke Kunin,Luke,Kunin_SJS,Kunin,W,2,2022-11-29,SJS,MTL,1.5,6,3,2800,1.3,24.9,4.9,1.75,2.8000000000000003,11.799999999999999,21.25
Saku Maenalanen,Saku,Maenalanen_WPG,Maenalanen,W,0,2022-11-29,WPG,COL,1.5,6,2.8,2500,0,27.5,3.5,1.4,2.5,13.75,21.15
Adam Henrique,Adam,Henrique_ANA,Henrique,W,1,2022-11-29,ANA,NSH,1.5,6.5,2.6,4400,4.3,16.5,8.6,1.95,4.4,6.1,21.05
Jake Guentzel,Jake,Guentzel_PIT,Guentzel,W,1,2022-11-29,PIT,CAR,-1.5,6,3.1,7000,3,13,7.9,1.13,7,5,21.029999999999998
Taylor Hall,Taylor,Hall_BOS,Hall,W,2,2022-11-29,BOS,TBL,-1.5,6.5,3.6,3700,4.5,17,8.6,2.32,3.7,6.25,20.869999999999997
Alex Killorn,Alex,Killorn_TBL,Killorn,W,1,2022-11-29,TBL,BOS,1.5,6.5,2.9,3400,3,18,7.7,2.26,3.4,7.5,20.86
Arthur Kaliyev,Arthur,Kaliyev_LAK,Kaliyev,W,2,2022-11-29,LAK,SEA,-1.5,6,3.1,3500,1.5,21.5,5.5,1.57,3.5,10,20.57
Viktor Arvidsson,Viktor,Arvidsson_LAK,Arvidsson,W,1,2022-11-29,LAK,SEA,-1.5,6,3.1,4600,1.5,17.8,6.4,1.39,4.6000000000000005,8.15,20.54
Blake Wheeler,Blake,Wheeler_WPG,Wheeler,W,1,2022-11-29,WPG,COL,1.5,6,2.8,3700,0,15.6,7.1,1.92,3.7,7.8,20.520000000000003
Jared McCann,Jared,McCann_SEA,McCann,W,1,2022-11-29,SEA,LAK,1.5,6,2.9,3900,4.5,14.5,9.2,2.36,3.9,5,20.46
Trevor Moore,Trevor,Moore_LAK,Moore,W,2,2022-11-29,LAK,SEA,-1.5,6,3.1,5100,3,16.5,7.1,1.39,5.1000000000000005,6.75,20.340000000000003
Alexander Barabanov,Alexander,Barabanov_SJS,Barabanov,W,1,2022-11-29,SJS,MTL,1.5,6,3,3300,1.3,15.8,7.3,2.21,3.3000000000000003,7.25,20.060000000000002
Adrian Kempe,Adrian,Kempe_LAK,Kempe,W,1,2022-11-29,LAK,SEA,-1.5,6,3.1,5200,3,13.3,7.9,1.52,5.2,5.15,19.77
Seth Jarvis,Seth,Jarvis_CAR,Jarvis,W,2,2022-11-29,CAR,PIT,1.5,6,2.9,3600,1.3,14.5,7.4,2.06,3.6,6.6,19.66
Joel Farabee,Joel,Farabee_PHI,Farabee,W,2,2022-11-29,PHI,NYI,1.5,6,2.6,3800,1.5,14.3,7.4,1.95,3.8000000000000003,6.4,19.55
Mikael Granlund,Mikael,Granlund_NSH,Granlund,W,1,2022-11-29,NSH,ANA,-1.5,6.5,3.9,3700,1.3,19.3,5.3,1.43,3.7,9,19.43
Jason Zucker,Jason,Zucker_PIT,Zucker,W,2,2022-11-29,PIT,CAR,-1.5,6,3.1,4500,0,14.5,6.2,1.38,4.5,7.25,19.33
Daniel Sprong,Daniel,Sprong_SEA,Sprong,W,2,2022-11-29,SEA,LAK,1.5,6,2.9,2800,0,19.3,5,1.79,2.8000000000000003,9.65,19.240000000000002
Jonathan Huberdeau,Jonathan,Huberdeau_CGY,Huberdeau,W,1,2022-11-29,CGY,FLA,-1.5,6.5,3.6,4300,0,14.5,6.2,1.44,4.3,7.25,19.19
Ilya Mikheyev,Ilya,Mikheyev_VAN,Mikheyev,W,2,2022-11-29,VAN,WSH,-1.5,6.5,3.3,3400,5.8,16.5,7.8,2.29,3.4,5.35,18.84
Tyler Toffoli,Tyler,Toffoli_CGY,Toffoli,W,1,2022-11-29,CGY,FLA,-1.5,6.5,3.6,5700,0,11.5,6.1,1.07,5.7,5.75,18.619999999999997
Bryan Rust,Bryan,Rust_PIT,Rust,W,2,2022-11-29,PIT,CAR,-1.5,6,3.1,5000,3,15,6.3,1.26,5,6,18.560000000000002
Nick Cousins,Nick,Cousins_FLA,Cousins,W,0,2022-11-29,FLA,CGY,1.5,6.5,3,3500,1.3,14.3,6.6,1.89,3.5,6.5,18.490000000000002
Ryan Poehling,Ryan,Poehling_PIT,Poehling,W,0,2022-11-29,PIT,CAR,-1.5,6,3.1,2500,1.5,21.5,4.2,1.68,2.5,10,18.38
Josh Anderson,Josh,Anderson_MTL,Anderson,W,2,2022-11-29,MTL,SJS,-1.5,6,3,3000,3,19,5.2,1.73,3,8,17.93
Brendan Gallagher,Brendan,Gallagher_MTL,Gallagher,W,2,2022-11-29,MTL,SJS,-1.5,6,3,3400,1.5,16.5,5.4,1.59,3.4,7.5,17.89
Cole Perfetti,Cole,Perfetti_WPG,Perfetti,W,2,2022-11-29,WPG,COL,1.5,6,2.8,3000,1.5,15.8,5.8,1.93,3,7.15,17.88
Oliver Wahlstrom,Oliver,Wahlstrom_NYI,Wahlstrom,W,2,2022-11-29,NYI,PHI,-1.5,6,3.4,3900,1.5,14.3,5.9,1.51,3.9,6.4,17.710000000000004
Nino Niederreiter,Nino,Niederreiter_NSH,Niederreiter,W,2,2022-11-29,NSH,ANA,-1.5,6.5,3.9,3200,0,14.5,5.5,1.72,3.2,7.25,17.669999999999998
Anders Lee,Anders,Lee_NYI,Lee,W,1,2022-11-29,NYI,PHI,-1.5,6,3.4,5400,0,9.3,6.4,1.19,5.4,4.65,17.640000000000004
Nick Foligno,Nick,Foligno_BOS,Foligno,W,2,2022-11-29,BOS,TBL,-1.5,6.5,3.6,2700,4.3,17,6.2,2.3,2.7,6.35,17.55
Anthony Beauvillier,Anthony,Beauvillier_NYI,Beauvillier,W,2,2022-11-29,NYI,PHI,-1.5,6,3.4,3100,3,16.5,5.6,1.81,3.1,6.75,17.259999999999998
Frank Vatrano,Frank,Vatrano_ANA,Vatrano,W,2,2022-11-29,ANA,NSH,1.5,6.5,2.6,4800,1.3,10.8,6.2,1.29,4.8,4.75,17.04
Stefan Noesen,Stefan,Noesen_CAR,Noesen,W,1,2022-11-29,CAR,PIT,1.5,6,2.9,3300,1.3,13,6,1.82,3.3000000000000003,5.85,16.97
Oliver Bjorkstrand,Oliver,Bjorkstrand_SEA,Bjorkstrand,W,2,2022-11-29,SEA,LAK,1.5,6,2.9,3900,4.3,11.5,7.2,1.85,3.9,3.6,16.55
Logan O'Connor,Logan,O'Connor_COL,O'Connor,W,0,2022-11-29,COL,WPG,-1.5,6,3.2,2800,0,16.4,3.9,1.39,2.8000000000000003,8.2,16.29
Matt Nieto,Matt,Nieto_SJS,Nieto,W,2,2022-11-29,SJS,MTL,1.5,6,3,2700,0,14.3,4.6,1.7,2.7,7.15,16.150000000000002
Zack MacEwen,Zack,MacEwen_PHI,MacEwen,W,2,2022-11-29,PHI,NYI,1.5,6,2.6,2700,1.5,15.6,4.6,1.7,2.7,7.05,16.05
Morgan Barron,Morgan,Barron_WPG,Barron,W,0,2022-11-29,WPG,COL,1.5,6,2.8,3200,0,12.6,4.8,1.5,3.2,6.3,15.8
Noah Gregor,Noah,Gregor_SJS,Gregor,W,0,2022-11-29,SJS,MTL,1.5,6,3,2500,0,12.8,4.7,1.88,2.5,6.4,15.48
Kirby Dach,Kirby,Dach_MTL,Dach,W,1,2022-11-29,MTL,SJS,-1.5,6,3,4000,1.5,9.5,5.9,1.48,4,4,15.38
Pavel Zacha,Pavel,Zacha_BOS,Zacha,W,2,2022-11-29,BOS,TBL,-1.5,6.5,3.6,3000,2.8,13,5.4,1.8,3,5.1,15.3
Colin White,Colin,White_FLA,White,W,2,2022-11-29,FLA,CGY,1.5,6.5,3,3300,1.3,11.5,5.2,1.58,3.3000000000000003,5.1,15.180000000000001
Conor Sheary,Conor,Sheary_WSH,Sheary,W,2,2022-11-29,WSH,VAN,1.5,6.5,3.2,3700,1.5,10,5.6,1.51,3.7,4.25,15.06
Josh Archibald,Josh,Archibald_PIT,Archibald,W,0,2022-11-29,PIT,CAR,-1.5,6,3.1,2500,1.3,16.5,3.5,1.4,2.5,7.6,15
Ryan Donato,Ryan,Donato_SEA,Donato,W,0,2022-11-29,SEA,LAK,1.5,6,2.9,2500,0,11.5,4.8,1.92,2.5,5.75,14.97
Sonny Milano,Sonny,Milano_WSH,Milano,W,2,2022-11-29,WSH,VAN,1.5,6.5,3.2,3000,1.3,11.5,5.1,1.7,3,5.1,14.899999999999999
Jansen Harkins,Jansen,Harkins_WPG,Harkins,W,0,2022-11-29,WPG,COL,1.5,6,2.8,2500,0,11.5,4.7,1.88,2.5,5.75,14.829999999999998
Josh Bailey,Josh,Bailey_NYI,Bailey,W,2,2022-11-29,NYI,PHI,-1.5,6,3.4,3600,1.5,10,5.4,1.5,3.6,4.25,14.75
Max Jones,Max,Jones_ANA,Jones,W,0,2022-11-29,ANA,NSH,1.5,6.5,2.6,2500,0,13,4,1.6,2.5,6.5,14.6
Dillon Dube,Dillon,Dube_CGY,Dube,W,0,2022-11-29,CGY,FLA,-1.5,6.5,3.6,2600,0,11.5,4.4,1.69,2.6,5.75,14.44
Brandon Tanev,Brandon,Tanev_SEA,Tanev,W,0,2022-11-29,SEA,LAK,1.5,6,2.9,2900,0,9.1,5.2,1.79,2.9,4.55,14.439999999999998
Andrew Mangiapane,Andrew,Mangiapane_CGY,Mangiapane,W,2,2022-11-29,CGY,FLA,-1.5,6.5,3.6,3200,0,10.8,4.2,1.31,3.2,5.4,14.110000000000001
Jakob Silfverberg,Jakob,Silfverberg_ANA,Silfverberg,W,2,2022-11-29,ANA,NSH,1.5,6.5,2.6,3100,1.3,11.8,4.3,1.39,3.1,5.25,14.04
Brock McGinn,Brock,McGinn_PIT,McGinn,W,0,2022-11-29,PIT,CAR,-1.5,6,3.1,2500,0,11.5,4.1,1.64,2.5,5.75,13.99
Pat Maroon,Pat,Maroon_TBL,Maroon,W,0,2022-11-29,TBL,BOS,1.5,6.5,2.9,2500,0,14.5,3,1.2,2.5,7.25,13.95
Garnet Hathaway,Garnet,Hathaway_WSH,Hathaway,W,0,2022-11-29,WSH,VAN,1.5,6.5,3.2,2500,1.5,11.8,4.4,1.76,2.5,5.15,13.81
Patrick Brown,Patrick,Brown_PHI,Brown,W,0,2022-11-29,PHI,NYI,1.5,6,2.6,2500,1.5,11.5,4.5,1.8,2.5,5,13.8
Marcus Johansson,Marcus,Johansson_WSH,Johansson,W,1,2022-11-29,WSH,VAN,1.5,6.5,3.2,2800,2.8,11.5,4.8,1.71,2.8000000000000003,4.35,13.66
Andrew Cogliano,Andrew,Cogliano_COL,Cogliano,W,0,2022-11-29,COL,WPG,-1.5,6,3.2,2500,1.3,12.8,3.8,1.52,2.5,5.75,13.57
Corey Perry,Corey,Perry_TBL,Perry,W,2,2022-11-29,TBL,BOS,1.5,6.5,2.9,2600,0,11.5,3.6,1.38,2.6,5.75,13.329999999999998
Tanner Jeannot,Tanner,Jeannot_NSH,Jeannot,W,0,2022-11-29,NSH,ANA,-1.5,6.5,3.9,2700,1.5,12.5,3.7,1.37,2.7,5.5,13.27
Michael Eyssimont,Michael,Eyssimont_WPG,Eyssimont,W,2,2022-11-29,WPG,COL,1.5,6,2.8,2500,1.5,10,4.6,1.84,2.5,4.25,13.19
Derek Grant,Derek,Grant_ANA,Grant,W,0,2022-11-29,ANA,NSH,1.5,6.5,2.6,2500,0,11.5,3.5,1.4,2.5,5.75,13.15
Curtis Lazar,Curtis,Lazar_VAN,Lazar,W,0,2022-11-29,VAN,WSH,-1.5,6.5,3.3,2500,0,12.3,3.2,1.28,2.5,6.15,13.13
Juraj Slafkovsky,Juraj,Slafkovsky_MTL,Slafkovsky,W,2,2022-11-29,MTL,SJS,-1.5,6,3,2600,0,8,4.7,1.81,2.6,4,13.110000000000001
Kieffer Bellows,Kieffer,Bellows_PHI,Bellows,W,0,2022-11-29,PHI,NYI,1.5,6,2.6,2500,0,10.5,3.5,1.4,2.5,5.25,12.65
Conor Garland,Conor,Garland_VAN,Garland,W,2,2022-11-29,VAN,WSH,-1.5,6.5,3.3,3100,0,8,4.1,1.32,3.1,4,12.52
Nicolas Deslauriers,Nicolas,Deslauriers_PHI,Deslauriers,W,0,2022-11-29,PHI,NYI,1.5,6,2.6,2500,0,9.3,3.8,1.52,2.5,4.65,12.469999999999999
Michael McCarron,Michael,McCarron_NSH,McCarron,W,0,2022-11-29,NSH,ANA,-1.5,6.5,3.9,2500,0,8.4,4.1,1.64,2.5,4.2,12.440000000000001
Ross Colton,Ross,Colton_TBL,Colton,W,2,2022-11-29,TBL,BOS,1.5,6.5,2.9,2500,0,10.6,3.2,1.28,2.5,5.3,12.28
Dryden Hunt,Dryden,Hunt_COL,Hunt,W,2,2022-11-29,COL,WPG,-1.5,6,3.2,2500,0,11.5,2.8,1.12,2.5,5.75,12.170000000000002
Joel Armia,Joel,Armia_MTL,Armia,W,0,2022-11-29,MTL,SJS,-1.5,6,3,2500,0,9.9,3.2,1.28,2.5,4.95,11.93
Aleksi Heponiemi,Aleksi,Heponiemi_FLA,Heponiemi,W,0,2022-11-29,FLA,CGY,1.5,6.5,3,2500,0,8,3.7,1.48,2.5,4,11.68
Axel Jonsson-Fjallby,Axel,Jonsson-Fjallby_WPG,Jonsson-Fjallby,W,0,2022-11-29,WPG,COL,1.5,6,2.8,3500,1.3,8,3.7,1.06,3.5,3.35,11.610000000000001
Danton Heinen,Danton,Heinen_PIT,Heinen,W,0,2022-11-29,PIT,CAR,-1.5,6,3.1,2500,0,9.5,2.8,1.12,2.5,4.75,11.170000000000002
Jordan Martinook,Jordan,Martinook_CAR,Martinook,W,0,2022-11-29,CAR,PIT,1.5,6,2.9,2700,1.5,7.3,4,1.48,2.7,2.9,11.08
Nils Hoglander,Nils,Hoglander_VAN,Hoglander,W,0,2022-11-29,VAN,WSH,-1.5,6.5,3.3,3500,0,6.5,3.3,0.94,3.5,3.25,10.99
Cole Smith,Cole,Smith_NSH,Smith,W,0,2022-11-29,NSH,ANA,-1.5,6.5,3.9,2500,0,8,3.2,1.28,2.5,4,10.979999999999999
Carl Grundstrom,Carl,Grundstrom_LAK,Grundstrom,W,2,2022-11-29,LAK,SEA,-1.5,6,3.1,2600,1.3,7.3,3.8,1.46,2.6,3,10.86
Jack Drury,Jack,Drury_CAR,Drury,W,0,2022-11-29,CAR,PIT,1.5,6,2.9,2500,0,7.3,3.3,1.32,2.5,3.65,10.77
Evgenii Dadonov,Evgenii,Dadonov_MTL,Dadonov,W,2,2022-11-29,MTL,SJS,-1.5,6,3,2500,2.8,6.9,4.4,1.76,2.5,2.0500000000000003,10.71
Mark Jankowski,Mark,Jankowski_NSH,Jankowski,W,0,2022-11-29,NSH,ANA,-1.5,6.5,3.9,2600,0,6.9,2.8,1.08,2.6,3.45,9.930000000000001
Simon Holmstrom,Simon,Holmstrom_NYI,Holmstrom,W,0,2022-11-29,NYI,PHI,-1.5,6,3.4,2900,0,6.3,2.8,0.97,2.9,3.15,9.82
Milan Lucic,Milan,Lucic_CGY,Lucic,W,0,2022-11-29,CGY,FLA,-1.5,6.5,3.6,2500,0,6.5,2.9,1.16,2.5,3.25,9.81
A.J. Greer,A.J.,Greer_BOS,Greer,W,0,2022-11-29,BOS,TBL,-1.5,6.5,3.6,2500,0,6.5,2.8,1.12,2.5,3.25,9.670000000000002
Cal Clutterbuck,Cal,Clutterbuck_NYI,Clutterbuck,W,0,2022-11-29,NYI,PHI,-1.5,6,3.4,2500,0,6.9,2.6,1.04,2.5,3.45,9.59
Anthony Mantha,Anthony,Mantha_WSH,Mantha,W,0,2022-11-29,WSH,VAN,1.5,6.5,3.2,2900,1.5,4.5,3.8,1.31,2.9,1.5,9.51
Patric Hornqvist,Patric,Hornqvist_FLA,Hornqvist,W,2,2022-11-29,FLA,CGY,1.5,6.5,3,2500,1.3,7.1,2.9,1.16,2.5,2.9,9.46
Dakota Joshua,Dakota,Joshua_VAN,Joshua,W,0,2022-11-29,VAN,WSH,-1.5,6.5,3.3,2500,0,5,2.6,1.04,2.5,2.5,8.64
Trent Frederic,Trent,Frederic_BOS,Frederic,W,0,2022-11-29,BOS,TBL,-1.5,6.5,3.6,2500,0,5,2.6,1.04,2.5,2.5,8.64
Derek Stepan,Derek,Stepan_CAR,Stepan,W,0,2022-11-29,CAR,PIT,1.5,6,2.9,2500,0,4.5,2.6,1.04,2.5,2.25,8.39
Sam Carrick,Sam,Carrick_ANA,Carrick,W,0,2022-11-29,ANA,NSH,1.5,6.5,2.6,2500,0,4.5,2.4,0.96,2.5,2.25,8.11
Brett Leason,Brett,Leason_ANA,Leason,W,0,2022-11-29,ANA,NSH,1.5,6.5,2.6,2500,0,4.1,2.4,0.96,2.5,2.05,7.909999999999999
Jesper Fast,Jesper,Fast_CAR,Fast,W,2,2022-11-29,CAR,PIT,1.5,6,2.9,2500,0,4.3,2.3,0.92,2.5,2.15,7.87
Michael Pezzetta,Michael,Pezzetta_MTL,Pezzetta,W,0,2022-11-29,MTL,SJS,-1.5,6,3,2500,0,3,2.7,1.08,2.5,1.5,7.78
Matt Martin,Matt,Martin_NYI,Martin,W,0,2022-11-29,NYI,PHI,-1.5,6,3.4,2500,0,3,2,0.8,2.5,1.5,6.8
Ryan Lomberg,Ryan,Lomberg_FLA,Lomberg,W,0,2022-11-29,FLA,CGY,1.5,6.5,3,2500,0,2.8,2,0.8,2.5,1.4,6.7
Sampo Ranta,Sampo,Ranta_COL,Ranta,W,0,2022-11-29,COL,WPG,-1.5,6,3.2,2500,1.3,3,2.3,0.92,2.5,0.85,6.57
Oskar Lindblom,Oskar,Lindblom_SJS,Lindblom,W,0,2022-11-29,SJS,MTL,1.5,6,3,2500,0,1.5,1.8,0.72,2.5,0.75,5.77
Evgeny Svechnikov,Evgeny,Svechnikov_SJS,Svechnikov,W,0,2022-11-29,SJS,MTL,1.5,6,3,2500,0,1.5,1.8,0.72,2.5,0.75,5.77
Aliaksei Protas,Aliaksei,Protas_WSH,Protas,W,0,2022-11-29,WSH,VAN,1.5,6.5,3.2,2500,0,1.5,1.8,0.72,2.5,0.75,5.77
Brett Ritchie,Brett,Ritchie_CGY,Ritchie,W,0,2022-11-29,CGY,FLA,-1.5,6.5,3.6,2500,0,1.5,1.8,0.72,2.5,0.75,5.77
Jackson Cates,Jackson,Cates_PHI,Cates,W,0,2022-11-29,PHI,NYI,1.5,6,2.6,2500,0,1.5,1.8,0.72,2.5,0.75,5.77
Lias Andersson,Lias,Andersson_LAK,Andersson,W,0,2022-11-29,LAK,SEA,-1.5,6,3.1,2500,0,1.5,1.7,0.68,2.5,0.75,5.63
Cole Koepke,Cole,Koepke_TBL,Koepke,W,0,2022-11-29,TBL,BOS,1.5,6.5,2.9,2500,0,0,1.7,0.68,2.5,0,4.88
Roman Josi,Roman,Josi_NSH,Josi,D,1,2022-11-29,NSH,ANA,-1.5,6.5,3.9,8100,10.5,44.7,17,2.1,8.1,17.1,44.300000000000004
John Carlson,John,Carlson_WSH,Carlson,D,1,2022-11-29,WSH,VAN,1.5,6.5,3.2,7200,1.5,36.4,12.6,1.75,7.2,17.45,39
Charlie McAvoy,Charlie,McAvoy_BOS,McAvoy,D,1,2022-11-29,BOS,TBL,-1.5,6.5,3.6,6200,2.8,35,10.4,1.68,6.2,16.1,34.38
Aaron Ekblad,Aaron,Ekblad_FLA,Ekblad,D,1,2022-11-29,FLA,CGY,1.5,6.5,3,6500,7.1,27.1,13.3,2.05,6.5,10,31.85
Erik Karlsson,Erik,Karlsson_SJS,Karlsson,D,1,2022-11-29,SJS,MTL,1.5,6,3,8700,4.3,18.3,13.9,1.6,8.700000000000001,7,31.200000000000003
Cale Makar,Cale,Makar_COL,Makar,D,1,2022-11-29,COL,WPG,-1.5,6,3.2,7800,2.8,21.6,12.4,1.59,7.8,9.4,31.19
Josh Morrissey,Josh,Morrissey_WPG,Morrissey,D,1,2022-11-29,WPG,COL,1.5,6,2.8,6100,5.8,28.5,11.8,1.93,6.1000000000000005,11.35,31.18
Noah Dobson,Noah,Dobson_NYI,Dobson,D,1,2022-11-29,NYI,PHI,-1.5,6,3.4,6600,3,20.8,10.9,1.65,6.6000000000000005,8.9,28.049999999999997
Mikhail Sergachev,Mikhail,Sergachev_TBL,Sergachev,D,1,2022-11-29,TBL,BOS,1.5,6.5,2.9,6700,5.6,20.8,11.6,1.73,6.7,7.6000000000000005,27.63
Brent Burns,Brent,Burns_CAR,Burns,D,1,2022-11-29,CAR,PIT,1.5,6,2.9,6800,2.6,16.8,11.2,1.65,6.8,7.1000000000000005,26.75
Dmitry Kulikov,Dmitry,Kulikov_ANA,Kulikov,D,0,2022-11-29,ANA,NSH,1.5,6.5,2.6,4100,1.5,27.1,7.2,1.76,4.1,12.8,25.86
Brandon Montour,Brandon,Montour_FLA,Montour,D,1,2022-11-29,FLA,CGY,1.5,6.5,3,7400,4.5,14.3,11.8,1.59,7.4,4.9,25.69
Justin Schultz,Justin,Schultz_SEA,Schultz,D,2,2022-11-29,SEA,LAK,1.5,6,2.9,4200,6.5,27.5,8.7,2.07,4.2,10.5,25.47
Cam Fowler,Cam,Fowler_ANA,Fowler,D,1,2022-11-29,ANA,NSH,1.5,6.5,2.6,4300,4.3,25.5,8.3,1.93,4.3,10.6,25.13
Gustav Forsling,Gustav,Forsling_FLA,Forsling,D,2,2022-11-29,FLA,CGY,1.5,6.5,3,5500,2.8,20.5,9,1.64,5.5,8.85,24.990000000000002
Radko Gudas,Radko,Gudas_FLA,Gudas,D,0,2022-11-29,FLA,CGY,1.5,6.5,3,4000,1.3,27.2,6.3,1.58,4,12.95,24.83
Noah Hanifin,Noah,Hanifin_CGY,Hanifin,D,2,2022-11-29,CGY,FLA,-1.5,6.5,3.6,4800,1.3,18.1,9.2,1.92,4.8,8.4,24.32
David Savard,David,Savard_MTL,Savard,D,0,2022-11-29,MTL,SJS,-1.5,6,3,4300,2.8,25.3,7.1,1.65,4.3,11.25,24.299999999999997
Ryan Pulock,Ryan,Pulock_NYI,Pulock,D,2,2022-11-29,NYI,PHI,-1.5,6,3.4,3900,0,25.8,5.9,1.51,3.9,12.9,24.210000000000004
Kris Letang,Kris,Letang_PIT,Letang,D,1,2022-11-29,PIT,CAR,-1.5,6,3.1,5700,1.5,18.4,8,1.4,5.7,8.45,23.549999999999997
Tony DeAngelo,Tony,DeAngelo_PHI,DeAngelo,D,1,2022-11-29,PHI,NYI,1.5,6,2.6,5900,1.5,17.4,8.2,1.39,5.9,7.949999999999999,23.439999999999998
Rasmus Andersson,Rasmus,Andersson_CGY,Andersson,D,1,2022-11-29,CGY,FLA,-1.5,6.5,3.6,4700,0,19.7,7,1.49,4.7,9.85,23.04
Quinn Hughes,Quinn,Hughes_VAN,Hughes,D,1,2022-11-29,VAN,WSH,-1.5,6.5,3.3,5800,5.8,14.5,10.9,1.88,5.8,4.35,22.929999999999996
Vince Dunn,Vince,Dunn_SEA,Dunn,D,1,2022-11-29,SEA,LAK,1.5,6,2.9,4400,2.6,19.1,8.1,1.84,4.4,8.25,22.59
Travis Sanheim,Travis,Sanheim_PHI,Sanheim,D,2,2022-11-29,PHI,NYI,1.5,6,2.6,3000,1.3,24.9,5.8,1.93,3,11.799999999999999,22.529999999999998
Joel Edmundson,Joel,Edmundson_MTL,Edmundson,D,0,2022-11-29,MTL,SJS,-1.5,6,3,4600,4.1,18.4,8.6,1.87,4.6000000000000005,7.1499999999999995,22.220000000000002
Josh Manson,Josh,Manson_COL,Manson,D,0,2022-11-29,COL,WPG,-1.5,6,3.2,2600,2.8,26.6,5.5,2.12,2.6,11.9,22.12
Ivan Provorov,Ivan,Provorov_PHI,Provorov,D,2,2022-11-29,PHI,NYI,1.5,6,2.6,5000,4.3,17.9,8.1,1.62,5,6.799999999999999,21.52
Matt Roy,Matt,Roy_LAK,Roy,D,0,2022-11-29,LAK,SEA,-1.5,6,3.1,4600,2.6,18.4,7.4,1.61,4.6000000000000005,7.8999999999999995,21.509999999999998
Hampus Lindholm,Hampus,Lindholm_BOS,Lindholm,D,2,2022-11-29,BOS,TBL,-1.5,6.5,3.6,5400,2.6,16.2,7.8,1.44,5.4,6.8,21.44
Ethan Bear,Ethan,Bear_VAN,Bear,D,0,2022-11-29,VAN,WSH,-1.5,6.5,3.3,4100,0,17.6,6.7,1.63,4.1,8.8,21.23
Mike Matheson,Mike,Matheson_MTL,Matheson,D,1,2022-11-29,MTL,SJS,-1.5,6,3,4500,0,15.6,7.2,1.6,4.5,7.8,21.1
Adam Larsson,Adam,Larsson_SEA,Larsson,D,0,2022-11-29,SEA,LAK,1.5,6,2.9,4000,5.6,18.4,8.5,2.13,4,6.3999999999999995,21.029999999999998
Chris Tanev,Chris,Tanev_CGY,Tanev,D,0,2022-11-29,CGY,FLA,-1.5,6.5,3.6,3600,1.3,16.2,7.8,2.17,3.6,7.449999999999999,21.019999999999996
Ian Cole,Ian,Cole_TBL,Cole,D,0,2022-11-29,TBL,BOS,1.5,6.5,2.9,3900,2.6,15.8,7.1,1.82,3.9,6.6000000000000005,19.42
Nikita Zadorov,Nikita,Zadorov_CGY,Zadorov,D,2,2022-11-29,CGY,FLA,-1.5,6.5,3.6,3700,2.8,18,6.2,1.68,3.7,7.6,19.18
Sean Durzi,Sean,Durzi_LAK,Durzi,D,2,2022-11-29,LAK,SEA,-1.5,6,3.1,5100,0,12.6,6.4,1.25,5.1000000000000005,6.3,19.05
Jeff Petry,Jeff,Petry_PIT,Petry,D,1,2022-11-29,PIT,CAR,-1.5,6,3.1,4400,4.3,16.4,7,1.59,4.4,6.049999999999999,19.04
Erik Gustafsson,Erik,Gustafsson_WSH,Gustafsson,D,2,2022-11-29,WSH,VAN,1.5,6.5,3.2,3500,1.5,14.9,6.7,1.91,3.5,6.7,18.81
Victor Hedman,Victor,Hedman_TBL,Hedman,D,2,2022-11-29,TBL,BOS,1.5,6.5,2.9,6300,2.6,9.7,7.7,1.22,6.3,3.55,18.77
Michael Stone,Michael,Stone_CGY,Stone,D,0,2022-11-29,CGY,FLA,-1.5,6.5,3.6,4900,0,10.6,6.9,1.41,4.9,5.3,18.51
Kyle Burroughs,Kyle,Burroughs_VAN,Burroughs,D,0,2022-11-29,VAN,WSH,-1.5,6.5,3.3,2900,0,19.5,4,1.38,2.9,9.75,18.029999999999998
Luke Schenn,Luke,Schenn_VAN,Schenn,D,0,2022-11-29,VAN,WSH,-1.5,6.5,3.3,3500,0,14.1,5.8,1.66,3.5,7.05,18.01
Oliver Ekman-Larsson,Oliver,Ekman-Larsson_VAN,Ekman-Larsson,D,2,2022-11-29,VAN,WSH,-1.5,6.5,3.3,3700,0,11.5,6.5,1.76,3.7,5.75,17.71
Jamie Oleksiak,Jamie,Oleksiak_SEA,Oleksiak,D,0,2022-11-29,SEA,LAK,1.5,6,2.9,3600,1.3,12.6,6.5,1.81,3.6,5.6499999999999995,17.56
Neal Pionk,Neal,Pionk_WPG,Pionk,D,2,2022-11-29,WPG,COL,1.5,6,2.8,5200,1.3,9.9,6.6,1.27,5.2,4.3,17.37
Marcus Pettersson,Marcus,Pettersson_PIT,Pettersson,D,0,2022-11-29,PIT,CAR,-1.5,6,3.1,4200,4.1,11.2,7.4,1.76,4.2,3.55,16.91
Drew Doughty,Drew,Doughty_LAK,Doughty,D,1,2022-11-29,LAK,SEA,-1.5,6,3.1,4500,2.8,11,6.7,1.49,4.5,4.1,16.79
Sean Walker,Sean,Walker_LAK,Walker,D,0,2022-11-29,LAK,SEA,-1.5,6,3.1,2900,0,14.5,4.6,1.59,2.9,7.25,16.34
Nick Jensen,Nick,Jensen_WSH,Jensen,D,0,2022-11-29,WSH,VAN,1.5,6.5,3.2,3400,1.5,9.8,6.7,1.97,3.4,4.15,16.22
Jacob MacDonald,Jacob,MacDonald_COL,MacDonald,D,0,2022-11-29,COL,WPG,-1.5,6,3.2,2600,0,17.9,3.3,1.27,2.6,8.95,16.119999999999997
Arber Xhekaj,Arber,Xhekaj_MTL,Xhekaj,D,2,2022-11-29,MTL,SJS,-1.5,6,3,3200,0,11.5,5.4,1.69,3.2,5.75,16.04
MacKenzie Weegar,MacKenzie,Weegar_CGY,Weegar,D,0,2022-11-29,CGY,FLA,-1.5,6.5,3.6,3500,2.8,9.9,6.9,1.97,3.5,3.5500000000000003,15.920000000000002
Adam Pelech,Adam,Pelech_NYI,Pelech,D,0,2022-11-29,NYI,PHI,-1.5,6,3.4,3700,1.3,11.3,5.6,1.51,3.7,5,15.809999999999999
Erik Johnson,Erik,Johnson_COL,Johnson,D,0,2022-11-29,COL,WPG,-1.5,6,3.2,3300,0,9.7,5.8,1.76,3.3000000000000003,4.85,15.709999999999999
Kevin Shattenkirk,Kevin,Shattenkirk_ANA,Shattenkirk,D,2,2022-11-29,ANA,NSH,1.5,6.5,2.6,3400,0,11.4,5,1.47,3.4,5.7,15.57
Matt Benning,Matt,Benning_SJS,Benning,D,2,2022-11-29,SJS,MTL,1.5,6,3,2700,1.5,13.2,5.1,1.89,2.7,5.85,15.540000000000001
Jaccob Slavin,Jaccob,Slavin_CAR,Slavin,D,0,2022-11-29,CAR,PIT,1.5,6,2.9,3800,2.6,11.3,5.8,1.53,3.8000000000000003,4.3500000000000005,15.479999999999999
Devon Toews,Devon,Toews_COL,Toews,D,2,2022-11-29,COL,WPG,-1.5,6,3.2,5600,4.1,7.8,6.8,1.21,5.6000000000000005,1.85,15.46
Dante Fabbro,Dante,Fabbro_NSH,Fabbro,D,0,2022-11-29,NSH,ANA,-1.5,6.5,3.9,2700,0,16.2,3.4,1.26,2.7,8.1,15.46
Brett Pesce,Brett,Pesce_CAR,Pesce,D,2,2022-11-29,CAR,PIT,1.5,6,2.9,3400,2.8,11.3,6,1.76,3.4,4.25,15.41
Kaiden Guhle,Kaiden,Guhle_MTL,Guhle,D,0,2022-11-29,MTL,SJS,-1.5,6,3,3400,0,11.9,4.5,1.32,3.4,5.95,15.17
Brenden Dillon,Brenden,Dillon_WPG,Dillon,D,0,2022-11-29,WPG,COL,1.5,6,2.8,2800,1.5,13.4,4.7,1.68,2.8000000000000003,5.95,15.129999999999999
Alexander Edler,Alexander,Edler_LAK,Edler,D,0,2022-11-29,LAK,SEA,-1.5,6,3.1,3000,2.6,11.2,5.8,1.93,3,4.3,15.03
Ryan McDonagh,Ryan,McDonagh_NSH,McDonagh,D,0,2022-11-29,NSH,ANA,-1.5,6.5,3.9,3400,1.3,11.9,4.7,1.38,3.4,5.3,14.779999999999998
Carson Soucy,Carson,Soucy_SEA,Soucy,D,0,2022-11-29,SEA,LAK,1.5,6,2.9,2700,1.3,14.9,3.8,1.41,2.7,6.8,14.71
Matt Grzelcyk,Matt,Grzelcyk_BOS,Grzelcyk,D,0,2022-11-29,BOS,TBL,-1.5,6.5,3.6,3800,0,8,5.4,1.42,3.8000000000000003,4,14.620000000000001
Jan Rutta,Jan,Rutta_PIT,Rutta,D,0,2022-11-29,PIT,CAR,-1.5,6,3.1,2500,2.8,12.8,5,2,2.5,5,14.5
Dylan Samberg,Dylan,Samberg_WPG,Samberg,D,0,2022-11-29,WPG,COL,1.5,6,2.8,2700,0,9.7,4.6,1.7,2.7,4.85,13.849999999999998
Nick Perbix,Nick,Perbix_TBL,Perbix,D,0,2022-11-29,TBL,BOS,1.5,6.5,2.9,3300,0,9.7,4.3,1.3,3.3000000000000003,4.85,13.75
Tyler Myers,Tyler,Myers_VAN,Myers,D,0,2022-11-29,VAN,WSH,-1.5,6.5,3.3,2800,1.5,9.9,4.9,1.75,2.8000000000000003,4.2,13.65
Mikey Anderson,Mikey,Anderson_LAK,Anderson,D,0,2022-11-29,LAK,SEA,-1.5,6,3.1,3200,1.5,8.4,5.2,1.63,3.2,3.45,13.48
Brandon Carlo,Brandon,Carlo_BOS,Carlo,D,0,2022-11-29,BOS,TBL,-1.5,6.5,3.6,3100,1.5,8.4,5,1.61,3.1,3.45,13.16
Alexander Romanov,Alexander,Romanov_NYI,Romanov,D,0,2022-11-29,NYI,PHI,-1.5,6,3.4,3400,2.6,9.3,4.9,1.44,3.4,3.3500000000000005,13.09
Rasmus Ristolainen,Rasmus,Ristolainen_PHI,Ristolainen,D,0,2022-11-29,PHI,NYI,1.5,6,2.6,3000,2.6,9.5,4.9,1.63,3,3.45,12.98
Scott Mayfield,Scott,Mayfield_NYI,Mayfield,D,0,2022-11-29,NYI,PHI,-1.5,6,3.4,3200,1.3,8.2,4.8,1.5,3.2,3.4499999999999997,12.95
Matt Irwin,Matt,Irwin_WSH,Irwin,D,0,2022-11-29,WSH,VAN,1.5,6.5,3.2,2500,1.3,12.9,3.3,1.32,2.5,5.8,12.920000000000002
Sebastian Aho,Sebastian,Aho_NYI,Aho,D,0,2022-11-29,NYI,PHI,-1.5,6,3.4,2500,0,11.3,3.4,1.36,2.5,5.65,12.91
Nate Schmidt,Nate,Schmidt_WPG,Schmidt,D,2,2022-11-29,WPG,COL,1.5,6,2.8,3100,0,6.9,4.8,1.55,3.1,3.45,12.900000000000002
Radim Simek,Radim,Simek_SJS,Simek,D,0,2022-11-29,SJS,MTL,1.5,6,3,2700,0,11,3.3,1.22,2.7,5.5,12.72
Johnathan Kovacevic,Johnathan,Kovacevic_MTL,Kovacevic,D,0,2022-11-29,MTL,SJS,-1.5,6,3,2500,0,9.5,3.9,1.56,2.5,4.75,12.71
Jaycob Megna,Jaycob,Megna_SJS,Megna,D,0,2022-11-29,SJS,MTL,1.5,6,3,3200,1.3,7.6,4.8,1.5,3.2,3.15,12.649999999999999
Brady Skjei,Brady,Skjei_CAR,Skjei,D,0,2022-11-29,CAR,PIT,1.5,6,2.9,3600,0,5.8,4.6,1.28,3.6,2.9,12.379999999999999
Mattias Ekholm,Mattias,Ekholm_NSH,Ekholm,D,2,2022-11-29,NSH,ANA,-1.5,6.5,3.9,3000,0,7.8,4.1,1.37,3,3.9,12.370000000000001
Josh Mahura,Josh,Mahura_FLA,Mahura,D,0,2022-11-29,FLA,CGY,1.5,6.5,3,2500,0,9.3,3.2,1.28,2.5,4.65,11.63
Justin Braun,Justin,Braun_PHI,Braun,D,0,2022-11-29,PHI,NYI,1.5,6,2.6,2500,0,8.4,3.5,1.4,2.5,4.2,11.6
Dylan DeMelo,Dylan,DeMelo_WPG,DeMelo,D,0,2022-11-29,WPG,COL,1.5,6,2.8,2600,0,7.8,3.6,1.38,2.6,3.9,11.48
Connor Clifton,Connor,Clifton_BOS,Clifton,D,0,2022-11-29,BOS,TBL,-1.5,6.5,3.6,3300,0,5.8,3.8,1.15,3.3000000000000003,2.9,11.15
Trevor van Riemsdyk,Trevor,van Riemsdyk_WSH,van Riemsdyk,D,0,2022-11-29,WSH,VAN,1.5,6.5,3.2,2800,1.3,8.2,3.5,1.25,2.8000000000000003,3.4499999999999997,11
Nick Seeler,Nick,Seeler_PHI,Seeler,D,0,2022-11-29,PHI,NYI,1.5,6,2.6,2800,0,5.8,3.8,1.36,2.8000000000000003,2.9,10.86
Will Borgen,Will,Borgen_SEA,Borgen,D,0,2022-11-29,SEA,LAK,1.5,6,2.9,2500,0,6.3,3.6,1.44,2.5,3.15,10.69
Simon Benoit,Simon,Benoit_ANA,Benoit,D,0,2022-11-29,ANA,NSH,1.5,6.5,2.6,2600,2.6,6.9,4,1.54,2.6,2.1500000000000004,10.29
Nathan Beaulieu,Nathan,Beaulieu_ANA,Beaulieu,D,0,2022-11-29,ANA,NSH,1.5,6.5,2.6,2700,0,6.5,2.7,1,2.7,3.25,9.65
Jalen Chatfield,Jalen,Chatfield_CAR,Chatfield,D,0,2022-11-29,CAR,PIT,1.5,6,2.9,2500,0,5.8,2.9,1.16,2.5,2.9,9.46
Jeremy Lauzon,Jeremy,Lauzon_NSH,Lauzon,D,0,2022-11-29,NSH,ANA,-1.5,6.5,3.9,2500,1.3,5.6,3.4,1.36,2.5,2.15,9.41
Calvin de Haan,Calvin,de Haan_CAR,de Haan,D,0,2022-11-29,CAR,PIT,1.5,6,2.9,2500,0,5.6,2.9,1.16,2.5,2.8,9.36
Pierre-Olivier Joseph,Pierre-Olivier,Joseph_PIT,Joseph,D,2,2022-11-29,PIT,CAR,-1.5,6,3.1,2700,0,5,3,1.11,2.7,2.5,9.309999999999999
Colton White,Colton,White_ANA,White,D,0,2022-11-29,ANA,NSH,1.5,6.5,2.6,2500,1.3,6.3,3,1.2,2.5,2.5,9.2
Erik Cernak,Erik,Cernak_TBL,Cernak,D,0,2022-11-29,TBL,BOS,1.5,6.5,2.9,3000,0,4.1,2.9,0.97,3,2.05,8.92
Marc-Edouard Vlasic,Marc-Edouard,Vlasic_SJS,Vlasic,D,0,2022-11-29,SJS,MTL,1.5,6,3,2600,0,5,2.7,1.04,2.6,2.5,8.84
Nick Cicek,Nick,Cicek_SJS,Cicek,D,0,2022-11-29,SJS,MTL,1.5,6,3,2500,0,5,2.6,1.04,2.5,2.5,8.64
Martin Fehervary,Martin,Fehervary_WSH,Fehervary,D,0,2022-11-29,WSH,VAN,1.5,6.5,3.2,2600,2.8,4.3,3.8,1.46,2.6,0.75,8.61
Alexandre Carrier,Alexandre,Carrier_NSH,Carrier,D,0,2022-11-29,NSH,ANA,-1.5,6.5,3.9,2600,1.3,4.3,3.2,1.23,2.6,1.5,8.53
Samuel Girard,Samuel,Girard_COL,Girard,D,2,2022-11-29,COL,WPG,-1.5,6,3.2,2900,0,4.3,2.4,0.83,2.9,2.15,8.28
Marc Staal,Marc,Staal_FLA,Staal,D,0,2022-11-29,FLA,CGY,1.5,6.5,3,2800,1.3,3,2.9,1.04,2.8000000000000003,0.85,7.590000000000001
Brian Dumoulin,Brian,Dumoulin_PIT,Dumoulin,D,0,2022-11-29,PIT,CAR,-1.5,6,3.1,2600,1.3,2.8,2.5,0.96,2.6,0.7499999999999999,6.81
Cal Foote,Cal,Foote_TBL,Foote,D,0,2022-11-29,TBL,BOS,1.5,6.5,2.9,2500,0,2.8,2,0.8,2.5,1.4,6.7
